/*  Populate the Book, BookAuthors, and
	Publishers Table with dummy data */
use Library
go

insert into Publisher
values (
	'Hookie Publishing',
	'123 1st Ave Washington D.C. 21212',
	'111-222-3333'
	)
	
insert into Publisher
values (
	'Odoyle Publishing',
	'456 Main St Bel-Air, MD 23456',
	'999-888-7777'
	)
		
insert into Publisher
values (
	'Pendant Publishing',
	'4533 Park Ave New York, New York 32323 Sutie# 57',
	'555-666-4444'
	)

insert into Book 
values (
	1,
	'Hunger Games',
	'Hookie Publishing'
	)

insert into BookAuthors
values (
	1,
	'Suzanne Collins'
	)

insert into Book 
values (
	2,
	'Haryy Potter',
	'Hookie Publishing'
	)

insert into BookAuthors
values (
	2,
	'J.K. Rowling'
	)

insert into Book 
values (
	3,
	'To Kill a Mockingbird',
	'Odoyle Publishing'
	)

insert into BookAuthors
values (
	3,
	'Harper Lee'
	)
	


insert into Book 
values (
	4,
	'Pride and Prejudice',
	'Hookie Publishing'
	)

insert into BookAuthors
values (
	4,
	'Jane Austin'
	)
	
insert into Book 
values (
	5,
	'IT',
	'Odoyle Publishing'
	)

insert into BookAuthors
values (
	5,
	'Stephen King'
	)

insert into Book 
values (
	6,
	'Slaughterhouse 5',
	'Odoyle Publishing'
	)

insert into BookAuthors
values (
	6,
	'Kurt Vonnegut'
	)
		
insert into Book 
values (
	7,
	'Animal Farm',
	'Odoyle Publishing'
	)

insert into BookAuthors
values (
	7,
	'George Orwell'
	)
	
insert into Book 
values (
	8,
	'The Giving Tree',
	'Hookie Publishing'
	)

insert into BookAuthors
values (
	8,
	'Shel Silverstein'
	)

insert into Book 
values (
	9,
	'The Book Thief',
	'Odoyle Publishing'
	)

insert into BookAuthors
values (
	9,
	'Markus Zusak'
	)
	
insert into Book 
values (
	10,
	'The Hitchhiker''s Guide to the Galaxy',
	'Odoyle Publishing'
	)

insert into BookAuthors
values (
	10,
	'Douglas Adams'
	)
	
insert into Book 
values (
	11,
	'The Fault in Our Stars',
	'Pendant Publishing'
	)
	
insert into Book 
values (
	12,
	'Wuthering Heights',
	'Pendant Publishing'
	)
	
insert into Book 
values (
	13,
	'The Lost Tribe',
	'Pendant Publishing'
	)
	
insert into Book 
values (
	14,
	'Memoirs of a Geisha',
	'Odoyle Publishing'
	)
	
insert into Book 
values (
	15,
	'Lord of the Flies',
	'Pendant Publishing'
	)
	
insert into Book 
values (
	16,
	'The Time Traveler''s Wife',
	'Pendant Publishing'
	)
	
insert into Book 
values (
	17,
	'The Alchemist',
	'Pendant Publishing'
	)

insert into Book
values (
	18,
	'Ender''s Game',
	'Pendant Publishing'
	)
	
insert into Book 
values (
	19,
	'Crime and Punishment',
	'Pendant Publishing'
	)
	
insert into Book 
values (
	20,
	'Fahreheit 451',
	'Pendant Publishing'
	)
